Ian,What projects do you want to accomplish this semester?​
Roberto,What do you like most about the campus?​
Gurtaj,What do you like most about the campus?​
Peang,What was your most memorable class?  (Memorable can be good or bad)​
Collin,What year are you? Are you a transfer student? ​
Vivian,What are you most excited about this course?​
Yoonsu,What year are you? Are you a transfer student? ​
Jose,Any prior programming experience? (This class will go over C++)​
Bryson,Any prior programming experience? (This class will go over C++)​
Raphael,Any prior programming experience? (This class will go over C++)​
Michael,What projects do you want to accomplish this semester?​
Terrell,What was your most memorable class?  (Memorable can be good or bad)​
Jorge,What was your most memorable class?  (Memorable can be good or bad)​
Jasson,What year are you? Are you a transfer student? ​
Edgar,What are you most excited about this course?​
Alejandro,Any prior programming experience? (This class will go over C++)​
Dat,What projects do you want to accomplish this semester?​
Josiah,What projects do you want to accomplish this semester?​
Everest,What are you most excited about this course?​
Nathan,What do you like most about the campus?​
Ly ,What was your most memorable class?  (Memorable can be good or bad)​
Tamish ,What was your most memorable class?  (Memorable can be good or bad)​
Evan,What are you most excited about this course?​
Jennifer,What year are you? Are you a transfer student? ​
Thomas,What projects do you want to accomplish this semester?​
Anthony,What year are you? Are you a transfer student? ​
Jun,Any prior programming experience? (This class will go over C++)​
Zenobi,What do you like most about the campus?​
Pratham,What are you most excited about this course?​
Adam,What year are you? Are you a transfer student? ​
